{
    "variable": [
        {
            "id": "baseUrl",
            "key": "baseUrl",
            "type": "string",
            "name": "string",
            "value": "http:\/\/localhost:8000"
        }
    ],
    "info": {
        "name": "Biologi API Documentation",
        "_postman_id": "4f7f0e98-6967-4ce9-8824-fd9b8bff6d2a",
        "description": "",
        "schema": "https:\/\/schema.getpostman.com\/json\/collection\/v2.1.0\/collection.json"
    },
    "item": [
        {
            "name": "Authentication",
            "description": "",
            "item": [
                {
                    "name": "Register a new user.",
                    "request": {
                        "url": {
                            "host": "{{baseUrl}}",
                            "path": "api\/register",
                            "query": [],
                            "raw": "{{baseUrl}}\/api\/register"
                        },
                        "method": "POST",
                        "header": [
                            {
                                "key": "Content-Type",
                                "value": "application\/json"
                            },
                            {
                                "key": "Accept",
                                "value": "application\/json"
                            }
                        ],
                        "body": {
                            "mode": "raw",
                            "raw": "{\"name\":\"John Doe\",\"email\":\"johndoe@example.com\",\"password\":\"secret123\",\"password_confirmation\":\"secret123\"}"
                        },
                        "description": "",
                        "auth": {
                            "type": "noauth"
                        }
                    },
                    "response": [
                        {
                            "header": [],
                            "code": 201,
                            "body": "{\n  \"status\": true,\n  \"message\": \"User registered successfully\",\n  \"data\": {\n    \"id\": 1,\n    \"name\": \"John Doe\",\n    \"email\": \"johndoe@example.com\"\n  },\n  \"token\": \"1|pCkTqQj...\"\n}",
                            "name": ""
                        }
                    ]
                },
                {
                    "name": "Login user and get token.",
                    "request": {
                        "url": {
                            "host": "{{baseUrl}}",
                            "path": "api\/login",
                            "query": [],
                            "raw": "{{baseUrl}}\/api\/login"
                        },
                        "method": "POST",
                        "header": [
                            {
                                "key": "Content-Type",
                                "value": "application\/json"
                            },
                            {
                                "key": "Accept",
                                "value": "application\/json"
                            }
                        ],
                        "body": {
                            "mode": "raw",
                            "raw": "{\"email\":\"johndoe@example.com\",\"password\":\"secret123\"}"
                        },
                        "description": "",
                        "auth": {
                            "type": "noauth"
                        }
                    },
                    "response": [
                        {
                            "header": [],
                            "code": 200,
                            "body": "{\n  \"status\": true,\n  \"message\": \"Login successful\",\n  \"data\": {\n    \"id\": 1,\n    \"name\": \"John Doe\",\n    \"email\": \"johndoe@example.com\"\n  },\n  \"token\": \"1|pCkTqQj...\"\n}",
                            "name": ""
                        },
                        {
                            "header": [],
                            "code": 401,
                            "body": "{\n  \"status\": false,\n  \"message\": \"Invalid login credentials\"\n}",
                            "name": ""
                        }
                    ]
                },
                {
                    "name": "Get authenticated user profile.",
                    "request": {
                        "url": {
                            "host": "{{baseUrl}}",
                            "path": "api\/profile",
                            "query": [],
                            "raw": "{{baseUrl}}\/api\/profile"
                        },
                        "method": "GET",
                        "header": [
                            {
                                "key": "Content-Type",
                                "value": "application\/json"
                            },
                            {
                                "key": "Accept",
                                "value": "application\/json"
                            }
                        ],
                        "body": null,
                        "description": ""
                    },
                    "response": [
                        {
                            "header": [],
                            "code": 200,
                            "body": "{\n  \"status\": true,\n  \"data\": {\n    \"id\": 1,\n    \"name\": \"John Doe\",\n    \"email\": \"johndoe@example.com\"\n  }\n}",
                            "name": ""
                        }
                    ]
                },
                {
                    "name": "Logout the authenticated user.",
                    "request": {
                        "url": {
                            "host": "{{baseUrl}}",
                            "path": "api\/logout",
                            "query": [],
                            "raw": "{{baseUrl}}\/api\/logout"
                        },
                        "method": "POST",
                        "header": [
                            {
                                "key": "Content-Type",
                                "value": "application\/json"
                            },
                            {
                                "key": "Accept",
                                "value": "application\/json"
                            }
                        ],
                        "body": null,
                        "description": ""
                    },
                    "response": [
                        {
                            "header": [],
                            "code": 200,
                            "body": "{\n  \"status\": true,\n  \"message\": \"Successfully logged out\"\n}",
                            "name": ""
                        }
                    ]
                }
            ]
        }
    ],
    "auth": {
        "type": "bearer",
        "bearer": [
            {
                "key": "Authorization",
                "type": "string"
            }
        ]
    }
}